{
products:[
	{
		identifier: "100002",
		name: "Bed lamp",
		image: "img/lamp.png",
		type: {"label":"In","value":"Bedroom"},
		properties:{"skus":[
			{"color":"#FF4563"},
			{"color":"#8245E6"},
			{"color":"#4AC0E0"},
			{"color":"#1089EB"},
			{"color":"#C791CD"}
		]}
	},
	{
		identifier: "100003",
		name: "Noria AC",
		image: "img/ac.png",
		type: {"label":"In","value":"Bedroom"},
		properties:{"skus":[
			{"color":"#FF4563"},
			{"color":"#8245E6"},
			{"color":"#4AC0E0"},
			{"color":"#1089EB"},
			{"color":"#C791CD"}
		]}
	},
	{
		identifier: "100004",
		name: "Door Lock",
		image: "img/lock.png",
		type: {"label":"In","value":"Home office"},
		properties:{"skus":[
			{"color":"#FF4563"},
			{"color":"#8245E6"},
			{"color":"#4AC0E0"},
			{"color":"#1089EB"},
			{"color":"#C791CD"}
		]}
	},
	{
		identifier: "100007",
		name: "LG TV",
		image: "img/tv.png",
		type: {"label":"In","value":"Living room"},
		properties:{"skus":[
			{"color":"#FF4563"},
			{"color":"#8245E6"},
			{"color":"#4AC0E0"},
			{"color":"#1089EB"},
			{"color":"#C791CD"}
		]}
	},
	{
		identifier: "100008",
		name: "Sony TV",
		image: "img/tv.png",
		properties:{"skus":[
			{"color":"#8245E6"},
			{"color":"#FF4563"},
			{"color":"#1089EB"},
			{"color":"#4AC0E0"},
			{"color":"#C791CD"}
		]}
	},
	{
		identifier: "100012",
		name: "Locker",
		image: "",
		type: {"label":"In","value":"Bedroom"},
		properties:{"skus":[
			{"color":"#1089EB"},
			{"color":"#FF4563"},
			{"color":"#4AC0E0"},
			{"color":"#8245E6"},
			{"color":"#C791CD"}
		]}
	},
	{
		identifier: "100010",
		name: "Thermostat",
		image: "img/thermostat.png",
		type: {"label":"In","value":"Bedroom"},
		properties:{"skus":[
			{"color":"#8245E6"},
			{"color":"#4AC0E0"},
			{"color":"#C791CD"},
			{"color":"#FF4563"},
			{"color":"#1089EB"}
		]}
	}
]}